{"format_version":"1.8.0","animations":{"animation.blaze_anim.move":{"loop":true,"animation_length":3,"anim_time_update":"q.anim_time+math.pow(1.8,q.is_charged)/2*q.delta_time*3","bones":{"UpperBody":{"rotation":[0,"query.anim_time*120","math.sin(query.anim_time*120-5)*4"],"position":[0,"math.cos(query.anim_time*240-45)*1",0]},"MiddleBody":{"rotation":[0,"query.anim_time*-120","math.sin(query.anim_time*120-50)*4"],"position":[0,"math.sin(query.anim_time*240)*1",0]},"LowerBody":{"rotation":[0,"query.anim_time*120","math.cos(query.anim_time*120-5)*-4"],"position":[0,"math.sin(query.anim_time*240-45)*1",0]},"head":{"rotation":["math.sin(query.anim_time*240)*-4",0,"math.sin(query.anim_time*120+40)*4"],"position":[0,"math.cos(query.anim_time*240)*1",0]}}},"animation.blaze_anim.melee_attack":{"animation_length":2.15,"bones":{"MiddleBody":{"rotation":{"0.0":[0,0,0],"0.05":[-9.23969,0,0],"0.1":[-12,0,0],"0.15":[-11.82919,0,0],"0.2":[-8.03765,0,0],"0.3":[5.18339,0,0],"0.35":[10.37111,0,0],"0.45":[16.75408,0,0],"0.55":[19.5255,0,0],"0.65":[20.01143,0,0],"0.75":[18.89963,0,0],"0.85":[16.58318,0,0],"0.95":[13.36412,0,0],"1.05":[9.49901,0,0],"1.3":[-1.38089,0,0],"1.4":[-5.44722,0,0],"1.5":[-8.65398,0,0],"1.55":[-9.65874,0,0],"1.6":[-10,0,0],"1.65":[-9.75454,0,0],"1.7":[-9.18034,0,0],"1.8":[-6.95287,0,0],"1.95":[-2.49923,0,0],"2.05":[-0.66157,0,0],"2.15":[0,0,0]},"position":{"0.0":[0,0,0],"0.1":[0,0,-7.31511],"0.2":[0,0,-11.89579],"0.3":[0,0,-14.70874],"0.35":[0,0,-15.53493],"0.4":[0,0,-16],"0.45":[0,0,-16.08465],"0.5":[0,0,-15.83049],"0.6":[0,0,-14.57795],"0.7":[0,0,-12.59612],"0.8":[0,0,-10.06888],"1.0":[0,0,-3.75798],"1.1":[0,0,-0.48081],"1.2":[0,0,1.82281],"1.3":[0,0,3.26449],"1.35":[0,0,3.71393],"1.4":[0,0,4],"1.45":[0,0,4.10673],"1.55":[0,0,3.71506],"1.65":[0,0,2.71568],"1.75":[0,0,1.58038],"1.85":[0,0,0.6871],"1.95":[0,0,0.1638],"2.05":[0,0,0]}},"head":{"rotation":{"0.0":[0,0,0],"0.05":[-4.6198,0,0],"0.1":[-6,0,0],"0.15":[-5.9146,0,0],"0.2":[-4.0188,0,0],"0.35":[5.1855,0,0],"0.45":[8.377,0,0],"0.55":[9.7627,0,0],"0.65":[10.006,0,0],"0.75":[9.45,0,0],"0.85":[8.2916,0,0],"0.95":[6.682,0,0],"1.4":[-2.7236,0,0],"1.5":[-4.327,0,0],"1.6":[-5,0,0],"1.7":[-4.5901,0,0],"1.8":[-3.4764,0,0],"1.95":[-1.2496,0,0],"2.05":[-0.3308,0,0],"2.15":[0,0,0]},"position":{"0.0":[0,0,0],"0.2":[0,0,-3.9652],"0.3":[0,0,-4.9029],"0.35":[0,0,-5.1783],"0.45":[0,0,-5.3615],"0.5":[0,0,-5.2768],"0.6":[0,0,-4.8593],"0.7":[0,0,-4.1987],"0.8":[0,0,-3.3563],"1.0":[0,0,-1.2526],"1.1":[0,0,-0.1602],"1.2":[0,0,0.6076],"1.3":[0,0,1.0881],"1.4":[0,0,1.3333],"1.45":[0,0,1.3689],"1.55":[0,0,1.2383],"1.65":[0,0,0.9052],"1.75":[0,0,0.5268],"1.85":[0,0,0.229],"1.95":[0,0,0.0546],"2.05":[0,0,0]}}}},"animation.blaze_anim.death":{"loop":true,"bones":{"head":{"rotation":["math.sin(query.anim_time*440-query.anim_time*180)*36",0,"math.sin(query.anim_time*720-query.anim_time*360)*10"],"position":[0,"math.cos(query.anim_time*240)*1-q.anim_time*4",0]},"UpperBody":{"rotation":[0,"query.anim_time*120","math.sin(query.anim_time*120-5)*16"],"position":[0,"math.cos(query.anim_time*240-45)*1",0]},"MiddleBody":{"rotation":[0,"query.anim_time*-120","math.sin(query.anim_time*120-50)*4"],"position":[0,"math.sin(query.anim_time*240)*1",0]},"LowerBody":{"rotation":[0,"query.anim_time*120","math.cos(query.anim_time*240-5)*-16"],"position":[0,"math.sin(query.anim_time*240-45)*1+q.anim_time*5",0],"scale":"1-q.anim_time*0.3"}}},"animation.blaze_anim.range_attack":{"animation_length":2.7,"blend_weight":"2","bones":{"head":{"rotation":{"0.0":[0,0,0],"0.05":[-4.6198,2,1.6],"0.1":[-6,10.3,0],"0.15":[-5.9146,11.6,-4],"0.2":[-4.0188,11.2,-5],"0.35":[3.9855,-8.1,-3],"0.45":[6.177,-11.4,0],"0.55":[6.8627,-10.1,5],"0.6":[6.0802,-8.2,6.2],"0.65":[0.8,-3.8,7],"0.7":[-1.8146,3.9,6.5],"0.75":[-1.5188,8.5,5.4],"0.85":[4.42,11.62,-0.3],"1.0":[8.377,12.6,-5.8],"1.1":[9.7627,10.8,-6.6],"1.2":[10.006,7.1,-5.5],"1.3":[9.45,4.1,-2],"1.4":[8.2916,1.7,-0.7],"1.5":[6.682,0.6,0],"1.95":[-2.7236,0,0],"2.05":[-4.327,0,0],"2.15":[-5,0,0],"2.25":[-4.5901,0,0],"2.35":[-3.4764,0,0],"2.5":[-1.2496,0,0],"2.6":[-0.3308,0,0],"2.7":[0,0,0]},"position":{"0.0":[0,0,0],"0.2":[0,0,-3.5652],"0.3":[0,0,-4.5029],"0.35":[0,0,-4.7783],"0.45":[0,0,-4.7615],"0.5":[0,0,-4.3768],"0.6":[0,0,-2.1],"0.85":[0,0,-5.3029],"0.9":[0,0,-5.5783],"1.0":[0,0,-5.7615],"1.05":[0,0,-5.6768],"1.15":[0,0,-5.2593],"1.25":[0,0,-4.5987],"1.35":[0,0,-3.7563],"1.55":[0,0,-1.2526],"1.65":[0,0,-0.1602],"1.75":[0,0,0.6076],"1.85":[0,0,1.0881],"1.95":[0,0,1.3333],"2.0":[0,0,1.3689],"2.1":[0,0,1.2383],"2.2":[0,0,0.9052],"2.3":[0,0,0.5268],"2.4":[0,0,0.229],"2.5":[0,0,0.0546],"2.6":[0,0,0]}},"UpperBody":{"rotation":{"0.0":[0,0,0],"0.05":[-4.6198,0,0],"0.1":[-6,0,0],"0.15":[-5.9146,0,0],"0.2":[-4.0188,0,0],"0.35":[3.9855,0,0],"0.45":[6.177,0,0],"0.55":[6.8627,0,0],"0.6":[6.0802,0,0],"0.65":[2.9,0,0],"0.7":[1.4854,0,0],"0.75":[1.7812,0,0],"1.0":[8.377,0,0],"1.1":[9.7627,0,0],"1.2":[10.006,0,0],"1.3":[9.45,0,0],"1.4":[8.2916,0,0],"1.5":[6.682,0,0],"1.95":[-2.7236,0,0],"2.05":[-4.327,0,0],"2.15":[-5,0,0],"2.25":[-4.5901,0,0],"2.35":[-3.4764,0,0],"2.5":[-1.2496,0,0],"2.6":[-0.3308,0,0],"2.7":[0,0,0]},"position":{"0.0":[0,0,0],"0.2":[0,0,-5.1478],"0.3":[0,0,-6.5543],"0.35":[0,0,-6.9674],"0.45":[0,0,-7.0422],"0.5":[0,0,-6.5152],"0.6":[0,0,-3],"0.85":[0,0,-8.0543],"0.9":[0,0,-8.4674],"1.0":[0,0,-8.7422],"1.05":[0,0,-8.6152],"1.15":[0,0,-7.9889],"1.25":[0,0,-6.998],"1.35":[0,0,-5.7344],"1.55":[0,0,-1.8789],"1.65":[0,0,-0.2403],"1.75":[0,0,0.9114],"1.85":[0,0,1.6321],"1.95":[0,0,2],"2.0":[0,0,2.0533],"2.1":[0,0,1.8574],"2.2":[0,0,1.3578],"2.3":[0,0,0.7902],"2.4":[0,0,0.3435],"2.5":[0,0,0.0819],"2.6":[0,0,0]}},"MiddleBody":{"rotation":{"0.2":[0,0,0],"0.25":[-4.6198,0,0],"0.3":[-6,0,0],"0.35":[-5.9146,0,0],"0.4":[-4.0188,0,0],"0.55":[5.1855,0,0],"0.65":[8.377,0,0],"0.75":[9.7627,0,0],"0.85":[10.006,0,0],"0.95":[9.45,0,0],"1.05":[8.2916,0,0],"1.15":[6.682,0,0],"1.6":[-2.7236,0,0],"1.7":[-4.327,0,0],"1.8":[-5,0,0],"1.9":[-4.5901,0,0],"2.0":[-3.4764,0,0],"2.15":[-1.2496,0,0],"2.25":[-0.3308,0,0],"2.35":[0,0,0]},"position":{"0.2":[0,0,0],"0.4":[0,0,-5.9478],"0.5":[0,0,-7.3543],"0.55":[0,0,-7.7674],"0.65":[0,0,-8.0422],"0.7":[0,0,-7.9152],"0.8":[0,0,-7.2889],"0.9":[0,0,-6.298],"1.0":[0,0,-5.0344],"1.2":[0,0,-1.8789],"1.3":[0,0,-0.2403],"1.4":[0,0,0.9114],"1.5":[0,0,1.6321],"1.6":[0,0,2],"1.65":[0,0,2.0533],"1.75":[0,0,1.8574],"1.85":[0,0,1.3578],"1.95":[0,0,0.7902],"2.05":[0,0,0.3435],"2.15":[0,0,0.0819],"2.25":[0,0,0]}},"right_eye":{"position":{"0.3":[0,0,0],"0.4":[-0.25,0,0],"0.55":[-0.25,0,0],"0.7":[0,0,0]}},"left_eye":{"position":{"0.0":[0,0,0],"0.1":[0.25,0,0],"0.2":[0.25,0,0],"0.3":[0,0,0],"0.65":[0,0,0],"0.75":[0.25,0,0],"0.85":[0.3,0,0],"1.05":[0.25,0,0],"1.45":[0,0,0]}}}}}}