{"format_version":"1.8.0","animations":{"animation.item.food":{"loop":"hold_on_last_frame","bones":{"edible":{"rotation":[90,-60,-150],"position":[0.85,22.5,-4.25],"scale":0.72}}},"animation.item.fish_eat":{"animation_length":1.83333,"bones":{"bite1":{"scale":{"0.625":[1,1,1],"0.7083":[0,0,0]}},"bite2":{"scale":{"0.875":[1,1,1],"0.9583":[0,0,0]}},"bite3":{"scale":{"1.1667":[1,1,1],"1.25":[0,0,0]}},"bite4":{"scale":{"1.4167":[1,1,1],"1.5":[0,0,0]}},"edible":{"position":{"0.0":[0,0,0],"0.0417":[0.09584,0,-0.07188],"0.0833":[0.3815,0,-0.28612],"0.1667":[1.2185,0,-0.91388],"0.2083":[1.50416,0,-1.12812],"0.25":[1.6,0,-1.2],"0.7917":[1.6,0,-1.2],"1.3333":[1.6,0,-1.2],"1.625":[1.6,0,-1.2],"1.6667":[1.49046,0,-1.11785],"1.7083":[1.09574,0,-0.82181],"1.75":[0.50382,0,-0.37787],"1.7917":[0.10935,0,-0.08201],"1.8333":[0,0,0]}}}},"animation.item.bucket_drink":{"animation_length":1.83333,"bones":{"fluid":{"rotation":{"0.0":[8,0,0],"0.0417":[9.90146,0,0],"0.0833":[14.38824,0,0],"0.25":[40.42808,0,0],"0.3333":[53.03945,0,0],"0.4167":[63.63861,0,0],"0.5":[71.3599,0,0],"0.5833":[76.08939,0,0],"0.75":[82.5356,0,0],"0.9583":[88.19092,0,0],"1.25":[93.83529,0,0],"1.5":[97.14336,0,0],"1.5833":[97.84315,0,0],"1.625":[98,0,0]},"position":{"0.0":[0,0,0],"0.0417":[0,-0.09304,-0.00121],"0.0833":[0,-0.28524,0.00228],"0.1667":[0,-0.78572,0.04689],"0.3333":[0,-1.87674,0.32844],"0.4167":[0,-2.30696,0.56223],"0.4583":[0,-2.4,0.7],"0.5":[0,-2.4,0.8352],"0.9583":[0,-2.4,1.93512],"1.3333":[0,-2.4,2.61071],"1.5417":[0,-2.4,2.88411],"1.625":[0,-2.4,2.95]},"scale":{"0.0":[1,1,1],"0.4583":[1,1,1.4],"1.625":[1,1,1.22]}},"bucket":{"rotation":{"0.125":[0,0,0],"0.1667":[5.39091,-0.59899,0],"0.2083":[21.45923,-2.38436,0],"0.2917":[68.54077,-7.61564,0],"0.3333":[84.60909,-9.40101,0],"0.375":[90,-10,0],"1.5833":[90,-10,0],"1.625":[84.60909,-9.40101,0],"1.6667":[68.54077,-7.61564,0],"1.75":[21.45923,-2.38436,0],"1.7917":[5.39091,-0.59899,0],"1.8333":[0,0,0]},"position":{"0.125":[0,0,0],"0.1667":[0,0,0.2995],"0.2083":[0,0,1.19218],"0.2917":[0,0,3.80782],"0.3333":[0,0,4.7005],"0.375":[0,0,5],"1.5833":[0,0,5],"1.625":[0,0,4.7005],"1.6667":[0,0,3.80782],"1.75":[0,0,1.19218],"1.7917":[0,0,0.2995],"1.8333":[0,0,0]}}},"particle_effects":{"1.125":[{"effect":"potion_1"},{"effect":"potion_0"}]}},"animation.item.first_person_bucket_drink":{"loop":"hold_on_last_frame","animation_length":1.5,"bones":{"rightItem":{"rotation":{"0.0":[0,0,0],"0.0625":[-4,2.51,9.5],"0.1875":[-20,12.57,47.5],"0.25":[-24,15.08,57]},"position":["math.cos(math.clamp(q.anim_time,0,0.25)*720)*0.8-0.8","math.cos(math.clamp(q.anim_time,0,0.25)*720)*-5.5+5.5","math.cos(math.clamp(q.anim_time,0,0.25)*720)*7.2-7.2"]},"bucket":{"rotation":{"0.0":[0,0,0],"0.25":["math.cos(q.anim_time*140-30)*20-20","math.sin(q.anim_time*800)*2.5","math.cos(q.anim_time*800)*-10"],"0.8125":["math.cos(q.anim_time*140-30)*20-20",0,0]},"position":{"0.0":[0,0,0],"0.25":[0,0,"-1.2+math.cos(q.anim_time*140-30)*2-2"]}},"fluid":{"rotation":{"0.0":[0,0,0],"0.25":[58,0,0],"0.8125":[78,0,0],"0.875":[78.99056,0,0],"1.0":[82.67093,0,0],"1.0625":[84.41686,0,0],"1.125":[85.94326,0,0],"1.1875":[87.22275,0,0],"1.25":[88.25101,0,0],"1.3125":[89.03282,0,0],"1.375":[89.57747,0,0],"1.4375":[89.89623,0,0],"1.5":[90,0,0]},"position":{"0.0":[0,0,0],"0.25":[0,-2.3,0.5],"0.8125":[0,-2.3,2.2],"0.875":[0,-2.24933,2.26515],"0.9375":[0,-2.15978,2.38029],"1.125":[0,-1.87763,2.74305],"1.1875":[0,-1.7981,2.8453],"1.25":[0,-1.73001,2.93284],"1.3125":[0,-1.6749,3.0037],"1.375":[0,-1.63407,3.0562],"1.4375":[0,-1.60871,3.0888],"1.5":[0,-1.6,3.1]},"scale":{"0.0":[1,1,1],"0.25":[1,1,1.4],"0.8125":[1,1,1.22],"0.875":[1,1,1.20454],"1.1875":[1,1,1.06524],"1.4375":[1,1,1.00302],"1.5":[1,1,1]}}},"particle_effects":{"0.25":{"effect":"potion_0"}}},"animation.item.bottle":{"loop":true,"bones":{"potion":{"rotation":[90,0,0],"position":[0.51,18,0],"scale":0.83},"liquid":{"rotation":[-90,0,0]}}},"animation.item.bottle_cns":{"loop":true,"bones":{"potion":{"position":[0,3,-6.25],"scale":4.1625}}},"animation.item.bottle_drink":{"animation_length":1.625,"bones":{"liquid":{"position":{"0.2083":[0,0,0],"0.4167":[0,0,1.25],"0.5417":[0,0,1.15],"1.625":[0,0,1.7]},"scale":{"0.2083":[1,1,1],"0.4167":[1.1,0.8,1.1],"0.5417":[1,1,1],"1.625":[1,0.01,1]}}},"particle_effects":{"0.875":[{"effect":"potion_1"},{"effect":"potion_0"}]}},"animation.item.first_person_bottle":{"loop":true,"bones":{"potion":{"rotation":[42,45.5,-105],"position":[0.4,18.25,3]}}},"animation.item.first_person_bottle_drink":{"loop":"hold_on_last_frame","animation_length":1.5,"bones":{"potion":{"rotation":{"0.0":[0,0,0],"0.0625":[-4,2.51,9.5],"0.1875":[-20,12.57,47.5],"0.25":[-24,15.08,57]},"position":["math.cos(math.clamp(q.anim_time,0,0.25)*720)*0.8-0.8","math.cos(math.clamp(q.anim_time,0,0.25)*720)*-5+5","math.cos(math.clamp(q.anim_time,0,0.25)*720)*6.575-6.575"]},"liquid":{"rotation":{"0.0":[0,0,0],"0.25":["math.cos(q.anim_time*140-30)*20-20","math.sin(q.anim_time*800-45)*5","math.cos(q.anim_time*800)*-12"],"0.8125":["math.cos(q.anim_time*140-30)*20-20",0,0]},"position":{"0.0":[0,0,0],"0.25":[0,0,"-1.2+math.cos(q.anim_time*140-30)*2-2"],"1.5":[0,-0.4,"0.5+math.cos(q.anim_time*140-30)*2-2"]},"scale":{"0.0":[1,1,1],"0.25":[1,1.5,1],"0.4375":[1,1.45,0.902],"0.625":[1,1.375,0.755],"1.125":[1,1.125,0.265],"1.3125":[1,1.05,0.118],"1.5":[1,1,0.02]}},"bottle":{"rotation":{"0.0":[0,0,0],"0.25":["math.cos(q.anim_time*140-30)*20-20","math.sin(q.anim_time*800)*2.5","math.cos(q.anim_time*800)*-12"],"0.8125":["math.cos(q.anim_time*140-30)*20-20",0,0]},"position":{"0.0":[0,0,0],"0.25":[0,0,"-1.2+math.cos(q.anim_time*140-30)*2-2"]}}},"particle_effects":{"0.25":{"effect":"potion_0"}}},"animation.item.first_person_carrot":{"loop":"hold_on_last_frame","bones":{"edible":{"rotation":[0,40,-140],"position":[-2,24,0],"scale":[0.9,1,0.9]}}},"animation.item.first_person_food_eat":{"loop":"hold_on_last_frame","animation_length":1.5,"bones":{"edible":{"rotation":{"0.0":[0,0,0],"0.15":[5,0,0],"0.2":[12,0,0],"0.3":[64,0,0],"0.35":[68,0,0],"0.4":[64,0,0],"0.5":[40,0,0],"0.55":[40,0,0],"0.65":[48,"math.cos(q.anim_time*1500)*5","-math.cos(q.anim_time*1500)*5"]},"position":{"0.0":[0,0,0],"0.1":[-0.4,1,-2.5],"0.25":[-2,"8+math.sin(q.anim_time*1500)*0.4",-10.6]},"scale":{"0.0":[1,1,1],"0.2":[1,1.3,0.7],"0.3":[1,0.7,1.3],"0.4":[1,1.15,0.85],"0.5":[1,1,1]}},"bite1":{"scale":{"0.35":[1,1,1],"0.4":[0,0,0]}},"bite2":{"scale":{"0.65":[1,1,1],"0.7":[0,0,0]}},"bite3":{"scale":{"0.95":[1,1,1],"1.0":[0,0,0]}},"bite4":{"scale":{"1.2":[1,1,1],"1.25":[0,0,0]}}}},"animation.item.perc_eat":{"animation_length":1.8,"bones":{"edible":{"scale":{"0.0":[1,1,1],"0.25":[1.2,1.2,1.2],"1.6":[1.2,1.2,1.2],"1.8":[1,1,1]}},"bite1":{"scale":{"0.65":[1,1,1],"0.7":[0,0,0]}},"bite2":{"scale":{"0.9":[1,1,1],"0.95":[0,0,0]}},"bite3":{"scale":{"1.15":[1,1,1],"1.2":[0,0,0]}},"bite4":{"scale":{"1.4":[1,1,1],"1.45":[0,0,0]}}},"particle_effects":{"1.55":[{"effect":"fx_0"},{"effect":"fx_1"},{"effect":"fx_2"}]}},"animation.item.first_person_perc_eat":{"loop":"hold_on_last_frame","animation_length":1.55,"bones":{"edible":{"rotation":{"0.0":[0,0,0],"0.05":[0,-10.8556,0],"0.15":[9.1,-91.6444,0],"0.2":[0,-102.5,0],"0.3":[-72,-102.5,20],"0.35":[-76.82314,-102.5,20],"0.45":[-50,-102.5,20],"0.5":[-50.08586,-102.5,20],"0.6":[-60,-102.5,"20-math.cos(q.anim_time*1500)*7"]},"position":{"0.0":[0,0,0],"0.05":[-0.6,0.63,-2],"0.1":[-2,2,-5.3],"0.15":[-3.12,5.13,-8.7],"0.2":[-4,"8+math.sin(q.anim_time*1500)*0.4",-10.6]},"scale":{"0.0":{"post":[1,1,1],"lerp_mode":"catmullrom"},"0.2":{"post":[1,1.3,0.7],"lerp_mode":"catmullrom"},"0.3":{"post":[1,0.7,1.3],"lerp_mode":"catmullrom"},"0.4":{"post":[1,1.2,0.8],"lerp_mode":"catmullrom"},"0.5":{"post":[1,0.9,1.1],"lerp_mode":"catmullrom"},"0.65":[1,1,1]}},"bite1":{"scale":{"0.35":[1,1,1],"0.4":[0,0,0]}},"bite2":{"scale":{"0.65":[1,1,1],"0.7":[0,0,0]}},"bite3":{"scale":{"0.95":[1,1,1],"1.0":[0,0,0]}},"bite4":{"scale":{"1.2":[1,1,1],"1.25":[0,0,0]}}},