{"format_version":"1.8.0","animations":{"animation.endermite.serpentine":{"loop":true,"anim_time_update":"q.anim_time+math.pow(3,q.modified_move_speed)*q.delta_time","blend_weight":"2.5","bones":{"head":{"rotation":[0,"math.cos(query.anim_time*450+22.5)*-16",0],"position":["math.sin(query.anim_time*450)*0.75",0,0]},"body":{"rotation":[0,"math.cos(query.anim_time*450-22.5)*-15",0],"position":["math.sin(query.anim_time*450-45)*0.5",0,0]},"tail":{"rotation":[0,"math.sin(query.anim_time*450+22.5)*-15",0],"position":["math.cos(query.anim_time*450)*-1",0,0]}}},"animation.endermite.jump":{"loop":"hold_on_last_frame","animation_length":0.76667,"bones":{"head":{"rotation":{"0.0":[0,0,0],"0.0333":[3.35,0,0],"0.0667":[14.57,0,0],"0.1":[20,0,0],"0.1333":[22.8,0,0],"0.1667":[22.8,0,0],"0.2":[21,0,0],"0.2333":[15,0,0],"0.4":[-10.53,0,0],"0.4667":[-14.84,0,0],"0.5333":[-15.9,0,0],"0.6333":[-14.22,0,0],"0.7":[-11.06,0,0],"0.7333":[-9.63,0,0],"0.7667":[-8.95,0,0]}},"body":{"rotation":{"0.0":[0,0,0],"0.0333":[-26.45,0,0],"0.0667":[-42.75,0,0],"0.1":[-48.6,0,0],"0.1333":[-49.73,0,0],"0.1667":[-47.87,0,0],"0.2333":[-35,0,0],"0.3":[-24,0,0],"0.4":[-15.14,0,0],"0.5333":[-9.46,0,0],"0.6667":[-7.09,0,0],"0.7667":[-6.8,0,0]},"position":{"0.0":[0,0,0],"0.0667":[0,-0.725,-0.725],"0.1":[0,-0.9175,-0.9175],"0.1333":[0,-1,-1],"0.2":[0,-1.025,-1.025],"0.2667":[0,-0.925,-0.925],"0.5":[0,-0.275,-0.275],"0.6":[0,-0.1,-0.1],"0.7":[0,-0.015,-0.015],"0.7667":[0,0,0]}},"tail":{"rotation":{"0.0":[0,0,0],"0.0333":[-26.45,0,0],"0.0667":[-42.75,0,0],"0.1":[-48.6,0,0],"0.1333":[-49.73,0,0],"0.1667":[-47.87,0,0],"0.2333":[-35,0,0],"0.3":[-24,0,0],"0.4":[-15.14,0,0],"0.5333":[-9.46,0,0],"0.6667":[-7.09,0,0],"0.7667":[-6.8,0,0]},"position":{"0.0":[0,0,0],"0.0667":[0,-2.45,0],"0.1":[0,-2.835,0],"0.1333":[0,-3,0],"0.2":[0,-3.05,0],"0.2667":[0,-2.85,0],"0.5":[0,-0.55,0],"0.6":[0,-0.2,0],"0.7":[0,-0.03,0],"0.7667":[0,0,0]}}}},"animation.endermite.fall":{"loop":"hold_on_last_frame","animation_length":1,"bones":{"root":{"position":{"0.0":[0,0,0],"0.05":[0,-0.0422,0],"0.1":[0,-0.17155,0],"0.15":[0,-0.38634,0],"0.2":[0,-0.67241,0],"0.3":[0,-1.32759,0],"0.35":[0,-1.61366,0],"0.4":[0,-1.82845,0],"0.45":[0,-1.9578,0],"0.5":[0,-2,0]},"scale":{"0.0":[1,1,1],"0.05":[0.99781,1.00432,0.99791],"0.1":[0.99118,1.01743,0.99148],"0.15":[0.98036,1.03901,0.98077],"0.35":[0.91964,1.16099,0.91923],"0.4":[0.90882,1.18257,0.90852],"0.45":[0.90219,1.19568,0.90209],"0.5":[0.9,1.2,0.9]}},"head":{"rotation":{"0.0":[0,0,0],"0.05":[1.19287,0,0],"0.1":[4.81759,0,0],"0.15":[10.77912,0,0],"0.2":[18.65301,0,0],"0.3":[36.59699,0,0],"0.35":[44.47088,0,0],"0.4":[50.43241,0,0],"0.45":[54.05713,0,0],"0.5":[55.25,0,0]},"position":{"0.0":[0,0,0],"0.05":[0,-0.07473,0.05917],"0.1":[0,-0.30276,0.23795],"0.15":[0,-0.67957,0.53014],"0.2":[0,-1.17926,0.91401],"0.3":[0,-2.32074,1.78599],"0.35":[0,-2.82043,2.16986],"0.4":[0,-3.19724,2.46205],"0.45":[0,-3.42527,2.64083],"0.5":[0,-3.5,2.7]}},"body":{"rotation":{"0.0":[0,0,0],"0.05":[1.22287,0,0],"0.1":[4.90396,0,0],"0.15":[10.89453,0,0],"0.2":[18.73698,0,0],"0.3":[36.51302,0,0],"0.35":[44.35547,0,0],"0.4":[50.34604,0,0],"0.45":[54.02713,0,0],"0.5":[55.25,0,0]},"position":{"0.0":[0,0,0],"0.05":[0,-0.03239,0.03239],"0.1":[0,-0.13079,0.13079],"0.15":[0,-0.29265,0.29265],"0.2":[0,-0.50642,0.50642],"0.3":[0,-0.99358,0.99358],"0.35":[0,-1.20735,1.20735],"0.4":[0,-1.36921,1.36921],"0.45":[0,-1.46761,1.46761],"0.5":[0,-1.5,1.5]}},"tail":{"rotation":{"0.0":[0,0,0],"0.05":[1.22287,0,0],"0.1":[4.90396,0,0],"0.15":[10.89453,0,0],"0.2":[18.73698,0,0],"0.3":[36.51302,0,0],"0.35":[44.35547,0,0],"0.4":[50.34604,0,0],"0.45":[54.02713,0,0],"0.5":[55.25,0,0]},"position":{"0.0":[0,0,0],"0.05":[0,0.01619,0.01619],"0.1":[0,0.0654,0.0654],"0.15":[0,0.14632,0.14632],"0.2":[0,0.25321,0.25321],"0.3":[0,0.49679,0.49679],"0.35":[0,0.60368,0.60368],"0.4":[0,0.6846,0.6846],"0.45":[0,0.73381,0.73381],"0.5":[0,0.75,0.75]}}}},"animation.endermite.land":{"animation_length":0.75,"bones":{"root":{"scale":{"0.0417":[1,1,1],"0.0833":[1.01622,0.96756,1.01622],"0.1667":[1.18378,0.63244,1.18378],"0.2083":[1.2,0.6,1.2],"0.25":[1.2,0.6,1.2],"0.2917":[1.17567,0.64866,1.17567],"0.375":[0.92433,1.15134,0.92433],"0.4167":[0.9,1.2,0.9],"0.4583":[0.91135,1.17729,0.91135],"0.5417":[1.02865,0.94271,1.02865],"0.5833":[1.04,0.92,1.04],"0.625":[1.03676,0.92649,1.03676],"0.7083":[1.00324,0.99351,1.00324],"0.75":[1,1,1]}}}},"animation.endermite.idle":{"loop":"hold_on_last_frame","bones":{"root":{"scale":["1+math.cos(query.life_time*450+45)*-0.02","1+math.cos(query.life_time*450+45)*0.04","1+math.cos(query.life_time*450+45)*-0.02"]},"head":{"rotation":["math.sin(query.life_time*450+45)*-4",0,"math.cos(query.life_time*225)*-3"]},"body":{"rotation":[0,0,"math.cos(query.life_time*225+45)*-2"]},"tail":{"rotation":["math.sin(query.life_time*450+45)*4",0,"math.cos(query.life_time*225)*-3"]}}},"animation.endermite.flash":{"loop":"hold_on_last_frame","animation_length":0.25,"anim_time_update":"q.anim_time+math.pow(2,q.is_alive)/2*q.delta_time","bones":{"eye":{"scale":0}}},"animation.endermite.blink":{"loop":true,"animation_length":0.20833,"loop_delay":"math.random(0.2,3.2)","bones":{"eye":{"scale":{"0.0":[1,1,1],"0.0417":{"pre":[1,1,1],"post":[1,0,1]},"0.125":{"pre":[1,0,1],"post":[1,0,1]},"0.2083":[1,1,1]}}}}}}