{"format_version":"1.8.0","animations":{"animation.frog_anim.walk":{"loop":true,"animation_length":1.25,"anim_time_update":"q.anim_time+math.pow(12,math.min(0.5,q.modified_move_speed))*q.delta_time","bones":{"left_arm":{"rotation":{"0.0":[0,0,0],"0.4583":[0,0,0],"0.625":[0,0,0],"0.75":[45,0,0],"1.0833":[-45,0,0],"1.25":[0,0,0]},"position":{"0.0":[0,0.1,-1],"0.4583":[0,0.1,1.2],"0.625":[0,0.1,2],"0.9167":[0,2,1.06],"1.25":[0,0.1,-1]}},"right_arm":{"rotation":{"0.0":[0,0,0],"0.125":[45,0,0],"0.4583":[-45,0,0],"0.625":[0,0,0],"1.0833":[0,0,0],"1.25":[0,0,0]},"position":{"0.0":[0,0.1,2],"0.2917":[0,2,1.06],"0.625":[0,0.1,-1],"1.0833":[0,0.1,1.2],"1.25":[0,0.1,2]}},"left_leg":{"rotation":{"0.0":[0,0,0],"0.1667":[0,0,0],"0.2917":[45,0,0],"0.625":[-45,0,0],"0.7917":[0,0,0],"1.25":[0,0,0]},"position":{"0.0":[0,0.1,1.2],"0.1667":[0,0.1,2],"0.4583":[0,2,1.06],"0.7917":[0,0.1,-1],"1.25":[0,0.1,1.2]}},"right_leg":{"rotation":{"0.0":[-33.75,0,0],"0.0417":[-45,0,0],"0.1667":[0,0,0],"0.7917":[0,0,0],"0.9583":[45,0,0],"1.25":[-33.75,0,0]},"position":{"0.0":[0,1.14,0.11],"0.1667":[0,0.1,-1],"0.7917":[0,0.1,2],"1.125":[0,2,0.95],"1.25":[0,1.14,0.11]}},"centroid":{"rotation":["math.sin(q.anim_time*576)*5","math.cos(q.anim_time*288)*8","math.sin(q.anim_time*288)*4"],"position":[0,"-math.cos(q.anim_time*576)*0.4",0]}}},"animation.frog_anim.jump":{"loop":"hold_on_last_frame","animation_length":0.76667,"bones":{"body":{"rotation":{"0.0":[0,0,0],"0.2667":[-20,0,0]},"position":{"0.0":[0,0,0],"0.2667":[0,0,0]}},"left_arm":{"rotation":{"0.0":[0,0,0],"0.0333":[-0.93802,0,0],"0.0667":[-4.03334,0,0],"0.1":[-9.68131,0,0],"0.1333":[-17.95898,0,0],"0.2":[-38.18102,0,0],"0.2333":[-46.45869,0,0],"0.2667":[-52.10666,0,0],"0.3":[-55.20198,0,0],"0.3333":[-56.14,0,0]},"position":{"0.0":[0,0,0],"0.0333":[0,0.01752,0],"0.0667":[0,0.07457,0],"0.1":[0,0.17677,0],"0.1333":[0,0.32348,0],"0.2":[0,0.67652,0],"0.2333":[0,0.82323,0],"0.2667":[0,0.92543,0],"0.3":[0,0.98248,0],"0.3333":[0,1,0]}},"right_arm":{"rotation":{"0.0":[0,0,0],"0.0333":[-0.93802,0,0],"0.0667":[-4.03334,0,0],"0.1":[-9.68131,0,0],"0.1333":[-17.95898,0,0],"0.2":[-38.18102,0,0],"0.2333":[-46.45869,0,0],"0.2667":[-52.10666,0,0],"0.3":[-55.20198,0,0],"0.3333":[-56.14,0,0]},"position":{"0.0":[0,0,0],"0.0333":[0,0.01752,0],"0.0667":[0,0.07457,0],"0.1":[0,0.17677,0],"0.1333":[0,0.32348,0],"0.2":[0,0.67652,0],"0.2333":[0,0.82323,0],"0.2667":[0,0.92543,0],"0.3":[0,0.98248,0],"0.3333":[0,1,0]}},"left_leg":{"rotation":{"0.0":[0,0,0],"0.2667":[45,0,0]},"position":{"0.0":[0,0,0],"0.1667":[0,-5.1,0],"0.2":[0,-5.8,0],"0.2333":[0,-6.2,0],"0.2667":[0,-5.9,0],"0.3333":[0,-4.3,0],"0.4":[0,-3.35,0],"0.5":[0,-2.5,0],"0.6333":[0,-2.25,0]}},"right_leg":{"rotation":{"0.0":[0,0,0],"0.2667":[45,0,0]},"position":{"0.0":[0,0,0],"0.1667":[0,-5.1,0],"0.2":[0,-5.8,0],"0.2333":[0,-6.2,0],"0.2667":[0,-5.9,0],"0.3333":[0,-4.3,0],"0.4":[0,-3.35,0],"0.5":[0,-2.5,0],"0.6333":[0,-2.25,0]}},"centroid":{"rotation":{"0.0":[0,0,0],"0.0333":[-26.45,0,0],"0.0667":[-42.75,0,0],"0.1":[-48.6,0,0],"0.1333":[-49.73,0,0],"0.1667":[-47.87,0,0],"0.2333":[-35,0,0],"0.3":[-24,0,0],"0.4":[-15.14,0,0],"0.5333":[-9.46,0,0],"0.6667":[-7.09,0,0],"0.7667":[-6.8,0,0]},"position":{"0.0":[0,0,0],"0.0667":[0,-1.45,0],"0.1":[0,-1.835,0],"0.1333":[0,-2,0],"0.2":[0,-2.05,0],"0.2667":[0,-1.85,0],"0.5":[0,-0.55,0],"0.6":[0,-0.2,0],"0.7":[0,-0.03,0],"0.7667":[0,0,0]}}}},"animation.frog_anim.fall":{"loop":"hold_on_last_frame","animation_length":0.66667,"bones":{"centroid":{"rotation":{"0.0":[0,0,0],"0.0667":[4.84607,0,0],"0.1333":[14.32787,0,0],"0.2":[25.57663,0,0],"0.4":[60.95983,0,0],"0.4667":[71.52417,0,0],"0.5333":[80.56257,0,0],"0.6":[87.22102,0,0],"0.6667":[90,0,0]}},"left_arm":{"rotation":{"0.0":[0,0,0],"0.0667":[-1.15,0,0],"0.1333":[-4.22,0,0],"0.2":[-5.2,0,0]},"position":{"0.0":[0,0,0],"0.0667":[0,-0.38928,0],"0.1333":[0,-1.5162,0],"0.2":[0,-2.9838,0],"0.2667":[0,-4.11072,0],"0.3333":[0,-4.5,0]}},"right_arm":{"rotation":{"0.0":[0,0,0],"0.0667":[-1.15,0,0],"0.1333":[-4.22,0,0],"0.2":[-5.2,0,0]},"position":{"0.0":[0,0,0],"0.0667":[0,-0.38928,0],"0.1333":[0,-1.5162,0],"0.2":[0,-2.9838,0],"0.2667":[0,-4.11072,0],"0.3333":[0,-4.5,0]}},"left_leg":{"rotation":{"0.0":[0,0,0],"0.0667":[4.84607,0,0],"0.1333":[14.32787,0,0],"0.2":[25.57663,0,0],"0.3333":[49.45607,0,0],"0.4667":[71.52417,0,0],"0.5333":[80.56257,0,0],"0.6":[87.22102,0,0],"0.6667":[90,0,0]},"position":{"0.0":[0,0,0],"0.0667":[0,0.28781,-0.14466],"0.1333":[0,0.86344,-0.34499],"0.4667":[0,4.38142,-1.44133],"0.5333":[0,4.93265,-1.65501],"0.6":[0,5.33466,-1.85534],"0.6667":[0,5.5,-2]}},"right_leg":{"rotation":{"0.0":[0,0,0],"0.0667":[4.84607,0,0],"0.1333":[14.32787,0,0],"0.2":[25.57663,0,0],"0.3333":[49.45607,0,0],"0.4667":[71.52417,0,0],"0.5333":[80.56257,0,0],"0.6":[87.22102,0,0],"0.6667":[90,0,0]},"position":{"0.0":[0,0,0],"0.0667":[0,0.28781,-0.1],"0.1333":[0,0.86344,-0.3],"0.4667":[0,4.38142,-1.44133],"0.5333":[0,4.93265,-1.7],"0.6":[0,5.33466,-1.9],"0.6667":[0,5.5,-2]}},"root":{"position":{"0.0":[0,0,0],"0.0667":[0,-0.12812,0],"0.1333":[0,-0.51904,0],"0.2667":[0,-2.02161,0],"0.4":[0,-3.97839,0],"0.5333":[0,-5.48096,0],"0.6":[0,-5.87188,0],"0.6667":[0,-6,0]}}}},"animation.frog_anim.land":{"animation_length":0.625,"bones":{"root":{"scale":{"0.0417":[1,1,1],"0.0833":[1.01622,0.96756,1.01622],"0.1667":[1.18378,0.63244,1.18378],"0.2083":[1.2,0.6,1.2],"0.25":[1.2,0.6,1.2],"0.2917":[1.18289,0.63423,1.18289],"0.3333":[1.12123,0.75754,1.12123],"0.375":[1.02877,0.94246,1.02877],"0.4167":[0.96711,1.06577,0.96711],"0.4583":[0.95,1.1,0.95],"0.5":[0.95405,1.09189,0.95405],"0.5833":[0.99595,1.00811,0.99595],"0.625":[1,1,1]}}}},"animation.frog_anim.tongue":{"animation_length":1.08333,"bones":{"head":{"rotation":{"0.0833":[0,0,0],"0.1667":[-12.4,0,0],"0.25":[-45,0,0],"0.3333":[-58,0,0],"0.5":[-60,0,0],"0.5833":[-47,0,0],"0.6667":[0,0,0]}},"tongue":{"scale":{"0.0":{"post":[1,1,1],"lerp_mode":"catmullrom"},"0.25":{"post":[1,1,1],"lerp_mode":"catmullrom"},"0.5":{"post":[0.5,1,5],"lerp_mode":"catmullrom"},"0.6667":{"post":[1,1,1],"lerp_mode":"catmullrom"},"1.0833":{"post":[1,1,1],"lerp_mode":"catmullrom"}}},"centroid":{"rotation":{"0.0":{"post":[0,0,0],"lerp_mode":"catmullrom"},"0.1667":{"post":[14,0,0],"lerp_mode":"catmullrom"},"0.3333":{"post":[-20,0,0],"lerp_mode":"catmullrom"},"0.5833":{"post":[-18.68,0,0],"lerp_mode":"catmullrom"},"0.75":{"post":[15,0,0],"lerp_mode":"catmullrom"},"0.9167":{"post":[-7.5,0,0],"lerp_mode":"catmullrom"},"1.0833":{"post":[0,0,0],"lerp_mode":"catmullrom"}},"position":{"0.0":{"post":[0,0,0],"lerp_mode":"catmullrom"},"0.1667":{"post":[0,-1,0],"lerp_mode":"catmullrom"},"0.3333":{"post":[0,0.1,-1.5],"lerp_mode":"catmullrom"},"0.5":{"post":[0,0.5,-1.7],"lerp_mode":"catmullrom"},"0.6667":{"post":[0,0.6,-1],"lerp_mode":"catmullrom"},"0.8333":{"post":[0,0,0.5],"lerp_mode":"catmullrom"},"1.0":{"post":[0,0,0],"lerp_mode":"catmullrom"},"1.0833":{"post":[0,0,0],"lerp_mode":"catmullrom"}}},"croaking_body":{"position":{"0.0":[0,0,0],"0.6667":{"pre":[0,0,0],"post":[0,1,-0.5]},"1.0":[0,0,0]},"scale":{"0.6667":[1,1,1],"0.75":[1.4,2,1.4],"0.9167":[1.2,1.6,1.2],"1.0":[1,1,1]}}}},"animation.frog_anim.idle_water":{"loop":true,"bones":{"body":{"rotation":["math.sin(query.anim_time*190)*3",0,"math.cos(query.anim_time*95)*4"],"position":[0,"math.cos(query.anim_time*190)*0.4",0]},"left_arm":{"rotation":["-30+math.cos(query.anim_time*190-45)*8",0,"-33.75+math.cos(query.anim_time*95+45)*22.5"]},"right_arm":{"rotation":["-20+math.cos(query.anim_time*190-45)*8",0,"33.75-math.cos(query.anim_time*95+45)*22.5"]},"left_leg":{"rotation":["22.5+math.sin(query.anim_time*190)*8",-16.5,"-22.5+math.cos(query.anim_time*95)*22.5"],"position":[0,"math.cos(query.anim_time*190)*0.6",0]},"right_leg":{"rotation":["22.5+math.sin(query.anim_time*190)*8",16.5,"22.5-math.cos(query.anim_time*95)*22.5"],"position":[0,"math.cos(query.anim_time*190)*0.6",0]}}},"animation.frog_anim.idle":{"loop":true,