{"format_version":"1.8.0","animations":{"animation.book.first_person_open":{"loop":"hold_on_last_frame","animation_length":0.83333,"bones":{"sheet":{"rotation":{"0.2917":[0,0,0],"0.375":[0,-5,0],"0.4583":[0,-18.5,0],"0.5":[0,-27.1,0],"0.5833":[0,-40,0],"0.6667":[0,-45,0]}},"wing_front":{"rotation":[0,"math.cos(math.clamp(q.anim_time,0.25,0.56)*600+22.5)*30+30",0]},"wing_back":{"rotation":[0,"math.cos(math.clamp(q.anim_time,0.25,0.56)*600+22.5)*-30-30",0]},"quill":{"rotation":{"0.0":[0,0,0],"0.0833":[-2,15,-5],"0.1667":[-6.5,50,-14],"0.25":[-13.5,100,-26],"0.3333":[-18,135,-36],"0.4167":[-20,150,"-40+math.cos(q.life_time*160)*-2"]},"position":{"0.25":[0,0,0],"0.3333":[0.5,0.3,-0.2],"0.4583":[2.4,1.4,-0.8],"0.5833":[3.6,2.9,-1.6],"0.7083":[4,3.8,-1.9],"0.8333":[4,"4+math.sin(q.life_time*160+45)*-0.2",-2]},"scale":{"0.1667":[1,1,1],"0.375":[0.8,0.8,0.8]}},"book":{"rotation":{"0.0":[0,0,0],"0.0417":[-1.71484,-1.55407,-0.80383],"0.0833":[-6.24599,-5.66043,-2.92781],"0.125":[-12.54722,-11.37092,-5.88151],"0.1667":[-19.45278,-17.62908,-9.11849],"0.2083":[-25.75401,-23.33957,-12.07219],"0.25":[-30.28516,-27.44593,-14.19617],"0.2917":[-32,-29,-15]},"position":{"0.0":[0,0,0],"0.0417":[0,-0.05359,-0.10718],"0.0833":[0,-0.19519,-0.39037],"0.125":[0,-0.3921,-0.7842],"0.1667":[0,-0.6079,-1.2158],"0.2083":[0,-0.80481,-1.60963],"0.25":[0,-0.94641,-1.89282],"0.2917":[0,-1,-2]},"scale":{"0.0":[1,1,1],"0.2917":["1+math.sin(q.anim_time*600)*-0.05","1+math.sin(q.anim_time*600)*0.05","1+math.sin(q.anim_time*600)*-0.1"],"0.8333":[1,1,1]}}},"sound_effects":{"0.125":{"effect":"open"}}},"animation.book.third_person_open":{"loop":"hold_on_last_frame","animation_length":0.83333,"bones":{"sheet":{"rotation":{"0.2917":[0,0,0],"0.375":[0,-5,0],"0.4583":[0,-18.5,0],"0.5":[0,-27.1,0],"0.5833":[0,-40,0],"0.6667":[0,-45,0]}},"wing_front":{"rotation":{"0.25":[0,0,0],"0.2917":[0,2.92225,0],"0.3333":[0,10.007,0],"0.375":[0,19.46077,0],"0.4583":[0,40.53923,0],"0.5":[0,49.993,0],"0.5417":[0,57.07775,0],"0.5833":[0,60,0]}},"wing_back":{"rotation":{"0.25":[0,0,0],"0.2917":[0,-2.92225,0],"0.3333":[0,-10.007,0],"0.375":[0,-19.46077,0],"0.4583":[0,-40.53923,0],"0.5":[0,-49.993,0],"0.5417":[0,-57.07775,0],"0.5833":[0,-60,0]}},"quill":{"rotation":{"0.0":[0,0,0],"0.0833":[-2,15,-5],"0.1667":[-6.5,50,-14],"0.25":[-13.5,100,-26],"0.3333":[-18,135,-36],"0.4167":[-20,150,"-40+math.cos(q.life_time*160)*-2"]},"position":{"0.25":[0,0,0],"0.3333":[0.5,0.3,-0.2],"0.4583":[2.4,1.4,-0.8],"0.5833":[3.6,2.9,-1.6],"0.7083":[4,3.8,-1.9],"0.8333":[4,"4+math.sin(q.life_time*160+45)*-0.2",-2]}},"book":{"rotation":{"0.0":[0,0,0],"0.0417":[-0.3,2.4,0],"0.0833":[-1.1,10,0],"0.125":[-2.1,9.54,0],"0.2917":[-6.66,-3.13,0],"0.3333":[-7.8,-4,0],"0.375":[-8.8,-2.67,0],"0.4167":[-9.6,-0.6,0],"0.4583":[-10,0,0]},"position":{"0.0":[0,0,0],"0.0417":[0,0.24,-0.3],"0.0833":[0,0.95,-1.2],"0.1667":[0,3.04,-3.9],"0.2083":[0,3.76,-4.8],"0.25":[0,4,-5.1]},"scale":{"0.0":[1,1,1],"0.1667":[1.1,1,0.9],"0.5833":[0.95,1,1.05],"0.7083":[1.03,1,0.97],"0.8333":[1,1,1]}}},"sound_effects":{"0.125":{"effect":"open"}}},"animation.book.first_person_close":{"loop":"hold_on_last_frame","animation_length":0.9667,"bones":{"sheet":{"rotation":{"0.1":[0,-45,0],"0.1333":[0,-43.3,0],"0.1667":[0,-32,0],"0.2333":[0,-7.9,0],"0.2667":[0,-1.7,0],"0.3":[0,0,0]}},"wing_front":{"rotation":{"0.0667":[0,60,0],"0.1":[0,57.8,0],"0.1333":[0,51,0],"0.2333":[0,9,0],"0.2667":[0,2.2,0],"0.3":[0,0,0]}},"wing_back":{"rotation":{"0.0667":[0,-60,0],"0.1":[0,-57.8,0],"0.1333":[0,-51.4,0],"0.2333":[0,-8.58,0],"0.2667":[0,-2.2,0],"0.3":[0,0,0]}},"quill":{"rotation":{"0.0667":[-20,150,"-40+math.cos(q.life_time*160)*-2"],"0.1667":[-18,135,-37],"0.2667":[-13.5,100,-32.7],"0.3667":[-5.15,51.9,-23.3],"0.4667":[-0.65,22.3,-9],"0.5667":[1.35,8.7,-0.4],"0.6667":[1.35,0.9,3.2],"0.7667":[0,0.9,3.2],"0.8667":[0,0,1],"0.9667":[0,0,0]},"position":{"0.0":[4,"4+math.sin(q.life_time*160+45)*-0.2",-2],"0.0667":[4,3.8,-1.8],"0.1333":[3.6,2.9,-1.3],"0.2":[2.4,1.4,-0.1],"0.2667":[0.5,0.3,0.525],"0.3333":[0,0,0.725],"0.5333":[0,0,0.72],"0.6":[0,0,0.6],"0.7":[0,0,0.15],"0.7667":[0,0,0]},"scale":{"0.3333":[0.8,0.8,0.8],"0.5":[1,1,1]}},"book":{"rotation":{"0.2333":[-32,-29,-15],"0.2667":[-30.90228,-28.0052,-14.48545],"0.3":[-27.96126,-25.33989,-13.10684],"0.3333":[-23.70353,-21.48132,-11.11103],"0.3667":[-18.65567,-16.9067,-8.74484],"0.4":[-13.34433,-12.0933,-6.25516],"0.4333":[-8.29647,-7.51868,-3.88897],"0.4667":[-4.03874,-3.66011,-1.89316],"0.5":[-1.09772,-0.9948,-0.51455],"0.5333":[0,0,0]},"position":{"0.2333":[0,-1,-2],"0.2667":[0,-0.9657,-1.93139],"0.3":[0,-0.87379,-1.74758],"0.3333":[0,-0.74074,-1.48147],"0.3667":[0,-0.58299,-1.16598],"0.4":[0,-0.41701,-0.83402],"0.4333":[0,-0.25926,-0.51853],"0.4667":[0,-0.12621,-0.25242],"0.5":[0,-0.0343,-0.06861],"0.5333":[0,0,0]},"scale":{"0.0":[1,1,1],"0.3":["1+math.sin(q.anim_time*600)*0.1","1+math.sin(q.anim_time*600)*-0.1","1+math.sin(q.anim_time*600)*0.1"],"0.6333":[1,1,1]}}},"sound_effects":{"0.0":{"effect":"close"}}},"animation.book.third_person_close":{"animation_length":0.63333,"bones":{"sheet":{"rotation":{"0.0":[0,-45,0],"0.0667":[0,-40,0],"0.1333":[0,-27.1,0],"0.1667":[0,-18.5,0],"0.2333":[0,-5,0],"0.3":[0,0,0]}},"wing_front":{"rotation":{"0.0667":[0,60,0],"0.1":[0,57.8,0],"0.1333":[0,51.4,0],"0.1667":[0,41.66,0],"0.2333":[0,18.33,0],"0.2667":[0,8.58,0],"0.3":[0,2.2,0],"0.3333":[0,0,0]}},"wing_back":{"rotation":{"0.0667":[0,-60,0],"0.1":[0,-57.8,0],"0.1333":[0,-51.4,0],"0.1667":[0,-41.66,0],"0.2333":[0,-18.33,0],"0.2667":[0,-8.58,0],"0.3":[0,-2.2,0],"0.3333":[0,0,0]}},"quill":{"rotation":{"0.1333":[-20,150,"-40+math.cos(q.life_time*160)*-2"],"0.2333":[-18,135,-36],"0.3333":[-13.5,100,-26],"0.4333":[-6.5,50,-12],"0.5333":[-2,15,-4],"0.6333":[0,0,0]},"position":{"0.0":[4,"4+math.sin(q.life_time*160+45)*-0.2",-2],"0.0667":[4,3.8,-1.9],"0.1333":[3.6,2.9,-1.6],"0.2":[2.4,1.4,-0.8],"0.2667":[0.5,0.3,-0.2],"0.3333":[0,0,0]}},"book":{"rotation":{"0.1":[-10,0,0],"0.1333":[-9.6,0.6,0],"0.1667":[-8.8,2.67,0],"0.2":[-7.8,4,0],"0.2333":[-6.66,3.13,0],"0.3667":[-2.1,-9.54,0],"0.4":[-1.1,-10,0],"0.4333":[-0.3,-2.4,0],"0.4667":[0,0,0]},"position":{"0.2667":[0,4,-5.1],"0.3":[0,3.76,-4.8],"0.3333":[0,3.04,-3.9],"0.4":[0,0.95,-1.2],"0.4333":[0,0.24,-0.3],"0.4667":[0,0,0]}}},"sound_effects":{"0.0":{"effect":"close"}}},"animation.brush.brush":{"loop":"hold_on_last_frame","animation_length":0.25,"bones":{"brush":{"rotation":{"0.0":[0,0,0],"0.25":["math.sin(query.life_time*800+45)*-30",20,-90]},"position":{"0.0":[0,0,0],"0.25":[0,"4+math.cos(query.life_time*800)*-1","-10+math.cos(query.life_time*800)*2"]}}}},"animation.item.torch_flame_a":{"animation_length":0.7,"bones":{"flame_y":{"rotation":{"0.0":[0,0,0],"0.05":[0,0,5],"0.1":[0,0,-2.5],"0.15":[0,0,0]},"scale":{"0.0":[0.64,0.64,0.64],"0.05":[1.05,1.05,1.05],"0.1":[1.05,1.05,1.05],"0.7":[0.5,0.5,0.5]}}}},"animation.item.torch_flame_b":{"loop":"hold_on_last_frame","animation_length":0.7,"bones":{"flame_y":{"rotation":{"0.0":[0,0,0],"0.05":[0,0,-5],"0.1":[0,0,2.5],"0.15":[0,0,0]},"scale":{"0.0":[-0.64,0.64,0.64],"0.05":[-1.05,1.05,1.05],"0.1":[-1.05,1.05,1.05],"0.7":[-0.5,0.5,0.5]}}}},"animation.item.torch_flame_timer":{"animation_length":0.5,"start_delay":"math.random_integer(0,1)*0.2"},"animation.horn.toot_pos":{"loop":"hold_on_last_frame","animation_length":1.75,"bones":{"horn":{"rotation":{"0.0":[0,0,0],"0.0417":[0,2.06,0],"0.0833":[0,9.4,0],"0.1667":[0,27.9,0],"0.2083":[0,30,0],"0.25":[0,26.7,0],"0.3333":[0,-6.7,0],"0.375":[0,-10,0],"0.4167":[0,-8.9,0],"0.5":[0,2.24,0],"0.5417":[0,3.33,0],"0.5833":[0,3.05,0],"0.6667":[0,0.28,0],"0.7083":[0,0,0]},"position":{"0.0":[0,0,0],"0.0417":[-0.14975,0.47919,-0.59899],"0.0833":[-0.59609,1.90749,-2.38436],"0.1667":[-1.90391,6.09251,-7.61564],"0.2083":[-2.35025,7.52081,-9.40101],"0.25":[-2.5,8,-10]},"scale":{"0.25":[1,1,1],"1.0":["1-math.sin(q.anim_time*1800)*0.06","1+math.sin(q.anim_time*1800)*0.06",1],"1.75":[1,1,1]}}}},"animation.item.totem_flash":{"animation_length":0.48,