{
	"format_version": "1.8.0",
	"animations": {
		"animation.shield.off_hand": {
			"loop": "hold_on_last_frame",
			"bones": {
				"shield": {
					"rotation": [152, -6, -43],
					"position": [-8, "q.is_riding?31:28", "q.is_riding?5:3"]
				}
			}
		},
		"animation.shield.main_hand": {
			"loop": "hold_on_last_frame",
			"bones": {
				"shield": {
					"rotation": [152, 6, 43],
					"position": [6, "q.is_riding?31:28", "q.is_riding?5:3"]
				}
			}
		},
		"animation.shield.block_left": {
			"loop": "hold_on_last_frame",
			"animation_length": 0.58333,
			"bones": {
				"shield": {
					"rotation": {
						"0.0417": [0, 0, 0],
						"0.0833": [-0.41977, -1.84513, 0.35864],
						"0.125": [-2.68109, -8.99875, 2.60155],
						"0.1667": [-8.76319, -21.54463, 9.38131],
						"0.2083": [-17.71195, -33.21603, 20.11409],
						"0.25": [-27.12274, -41.13513, 31.88701],
						"0.2917": [-37.51135, -46.78415, 45.23349],
						"0.3333": [-49.6337, -50.89273, 61.09373],
						"0.375": [-61.93186, -53.22233, 77.39604],
						"0.4167": [-71.9997, -54.04522, 90.8669],
						"0.4583": [-78.09604, -54.08286, 99.07698],
						"0.5": [-80, -54, 101.65201],
						"0.5417": [-80, -54, 101.65]
					},
					"position": {
						"0.0": [0, 0, 0],
						"0.0417": [0, -0.06, -0.25],
						"0.0833": [0, -0.22, -0.8],
						"0.125": [0, -0.45, -1.8],
						"0.2083": [0, -1.2, -5.12],
						"0.25": [0, -1.5, -6.55],
						"0.2917": [0, -1.6, -7.5],
						"0.3333": [0, -1.6, -7.9],
						"0.375": [0, -1.4, -8],
						"0.4167": [0, -0.9, -8],
						"0.4583": [0, -0.8, -8],
						"0.5": [0, -0.9, -8],
						"0.5417": [0, -1.3, -8],
						"0.5833": [0, -1.45, -8]
					}
				}
			}
		},
		"animation.shield.down_left": {
			"animation_length": 0.54167,
			"bones": {
				"shield": {
					"rotation": {
						"0.0": [-80, -54, 101.65],
						"0.0417": [-80, -54, 101.65201],
						"0.0833": [-78.09604, -54.08286, 99.07698],
						"0.125": [-71.9997, -54.04522, 90.8669],
						"0.1667": [-61.93186, -53.22233, 77.39604],
						"0.2083": [-49.6337, -50.89273, 61.09373],
						"0.25": [-37.51135, -46.78415, 45.23349],
						"0.2917": [-27.12274, -41.13513, 31.88701],
						"0.3333": [-17.71195, -33.21603, 20.11409],
						"0.375": [-8.76319, -21.54463, 9.38131],
						"0.4167": [-2.68109, -8.99875, 2.60155],
						"0.4583": [-0.41977, -1.84513, 0.35864],
						"0.5": [0, 0, 0]
					},
					"position": {
						"0.0": [0, -1.4, -8],
						"0.0417": [0, -0.9, -8],
						"0.0833": [0, -0.8, -8],
						"0.125": [0, -0.9, -8],
						"0.1667": [0, -1.4, -8],
						"0.2083": [0, -1.6, -7.9],
						"0.25": [0, -1.6, -7.5],
						"0.2917": [0, -1.5, -6.55],
						"0.3333": [0, -1.2, -5.12],
						"0.4167": [0, -0.45, -1.8],
						"0.4583": [0, -0.22, -0.8],
						"0.5": [0, -0.06, -0.25],
						"0.5417": [0, 0, 0]
					}
				}
			}
		},
		"animation.shield.block_right": {
			"loop": "hold_on_last_frame",
			"animation_length": 0.58333,
			"bones": {
				"shield": {
					"rotation": {
						"0.0417": [0, 0, 0],
						"0.0833": [-0.41977, 1.84513, -0.35864],
						"0.125": [-2.68109, 8.99875, -2.60155],
						"0.1667": [-8.76319, 21.54463, -9.38131],
						"0.2083": [-17.71195, 33.21603, -20.11409],
						"0.25": [-27.12274, 41.13513, -31.88701],
						"0.2917": [-37.51135, 46.78415, -45.23349],
						"0.3333": [-49.6337, 50.89273, -61.09373],
						"0.375": [-61.93186, 53.22233, -77.39604],
						"0.4167": [-71.9997, 54.04522, -90.8669],
						"0.4583": [-78.09604, 54.08286, -99.07698],
						"0.5": [-80, 54, -101.65201],
						"0.5417": [-80, 54, -101.65]
					},
					"position": {
						"0.0": [0, 0, 0],
						"0.0417": [0, -0.06, -0.25],
						"0.0833": [0, -0.22, -0.8],
						"0.125": [0, -0.45, -1.8],
						"0.2083": [0, -1.2, -5.12],
						"0.25": [0, -1.5, -6.55],
						"0.2917": [0, -1.6, -7.5],
						"0.3333": [0, -1.6, -7.9],
						"0.375": [0, -1.4, -8],
						"0.4167": [0, -0.9, -8],
						"0.4583": [0, -0.8, -8],
						"0.5": [0, -0.9, -8],
						"0.5417": [0, -1.3, -8],
						"0.5833": [0, -1.45, -8]
					}
				}
			}
		},
		"animation.shield.down_right": {
			"animation_length": 0.5417,
			"bones": {
				"shield": {
					"rotation": {
						"0.0": [-80, 54, -101.65],
						"0.0417": [-80, 54, -101.65201],
						"0.0833": [-78.09604, 54.08286, -99.07698],
						"0.125": [-71.9997, 54.04522, -90.8669],
						"0.1667": [-61.93186, 53.22233, -77.39604],
						"0.2083": [-49.6337, 50.89273, -61.09373],
						"0.25": [-37.51135, 46.78415, -45.23349],
						"0.2917": [-27.12274, 41.13513, -31.88701],
						"0.3333": [-17.71195, 33.21603, -20.11409],
						"0.375": [-8.76319, 21.54463, -9.38131],
						"0.4167": [-2.68109, 8.99875, -2.60155],
						"0.4583": [-0.41977, 1.84513, -0.35864],
						"0.5": [0, 0, 0]
					},
					"position": {
						"0.0": [0, -1.4, -8],
						"0.0417": [0, -0.9, -8],
						"0.0833": [0, -0.8, -8],
						"0.125": [0, -0.9, -8],
						"0.1667": [0, -1.4, -8],
						"0.2083": [0, -1.6, -7.9],
						"0.25": [0, -1.6, -7.5],
						"0.2917": [0, -1.5, -6.55],
						"0.3333": [0, -1.2, -5.12],
						"0.4167": [0, -0.45, -1.8],
						"0.4583": [0, -0.22, -0.8],
						"0.5": [0, -0.06, -0.25],
						"0.5417": [0, 0, 0]
					}
				}
			}
		}
	}
}