{"format_version":"1.8.0","animations":{"animation.spider_anim.target":{"loop":true,"bones":{"head":{"rotation":["q.target_x_rotation","q.target_y_rotation*0.5","q.target_y_rotation*0.1"]},"eyes_center":{"position":["-q.target_y_rotation*0.01",0,0]}}},"animation.spider_anim.angry":{"loop":"hold_on_last_frame","animation_length":0.75,"bones":{"head":{"rotation":{"0.0":[0,0,0],"0.25":[0,"math.cos(q.anim_time*1200)*15","math.sin(q.anim_time*1200)*5"],"0.75":[0,0,0]}},"eyes_top":{"position":{"0.125":[0,0,0],"0.2917":[0,0.75,0],"0.375":[0,0.9,0]}},"eyes_center":{"scale":{"0.0":[1,1,1],"0.125":[0.8,1.4,1],"0.2917":[1.2,0.8,1],"0.3333":[1.18631,0.8,1],"0.375":[1.13699,0.8,1],"0.4167":[1.06301,0.8,1],"0.4583":[1.01369,0.8,1],"0.5":[1,0.8,1],"0.5417":[1,0.81198,1],"0.5833":[1,0.84769,1],"0.6667":[1,0.95231,1],"0.7083":[1,0.98802,1],"0.75":[1,1,1]}},"abdomen":{"rotation":{"0.0":[0,0,0],"0.25":["math.cos(q.anim_time*1200)*15",0,0],"0.75":[0,0,0]}}}},"animation.spider_anim.walk":{"loop":true,"animation_length":8,"anim_time_update":"query.modified_distance_moved*variable.scale","bones":{"leg_R1":{"rotation":{"0.0":[49.25,-46.09,-63.74],"3.3333":[10.82373,-20.70537,-66.85974],"4.0":[10.82373,-20.70537,-59.25974],"4.6667":[16.55,-24.7,-44.61],"6.0":[44.7,-48.97,-36.91],"6.6667":[53.92,-52.85,-43.06],"7.3333":[56.9405,-51.17281,-63.112],"8.0":[49.25,-46.09,-63.74]},"position":{"0.0":[0,0.5,-4],"3.3333":[0,3,1],"4.0":[0,3.4,0.8],"4.6667":[0,3.5,-0.1],"5.3333":[0,2.66,-2.06],"6.0":[0,0.84,-4.01],"6.6667":[0,0.22,-4.92],"7.3333":[0,0,-5],"8.0":[0,0.5,-4]},"scale":{"0.0":[0.9833,1.0083,1.0083],"3.3333":[0.9,1.05,1.05],"4.0":[0.9,1.05,1.05],"7.3333":[1,1,1],"8.0":[0.9833,1.0083,1.0083]}},"leg_R2":{"rotation":{"0.0":[0,2,-50],"0.6667":[-1.89,3.86,-50.07],"1.3333":[1.52,0.05,-46.44],"2.0":[11.13,-12.39,-34.41],"2.6667":[23.24,-31.1,-28.98],"3.3333":[28.84,-37.1,-33.45],"4.0":[28.24912,-36.6102,-42.01738],"8.0":[0,2,-50]},"position":{"0.0":[0,3,1],"0.6667":[0,3.2,1.13],"1.3333":[0,3.16,0.66],"2.0":[0,2.57,-0.81],"2.6667":[0,1.16,-2.58],"3.3333":[0,0.26,-3.04],"4.0":[0,0,-3],"8.0":[0,3,1]}},"leg_R3":{"rotation":{"0.0":[0,-2,-50],"4.0":[-28.24912,36.6102,-42.01738],"4.6667":[-28.04,38.58,-44.85],"5.3333":[-23.73,36.96,-47.08],"6.0":[-14.32,28.81,-43.76],"6.6667":[-4.92,14.65,-36.44],"7.3333":[0.69,3.54,-36.77],"7.6667":[0.34,-0.28,-41.79],"8.0":[0,-2,-50]},"position":{"0.0":[0,3,-1],"4.0":[0,0,3],"4.6667":[0,0.2,3.03],"5.3333":[0,1.1,2.46],"6.0":[0,3.56,1],"6.6667":[0,4.12,-0.27],"7.3333":[0,3.98,-0.93],"8.0":[0,3,-1]}},"leg_R4":{"rotation":{"0.0":[-0.06,40.19,-53.48],"0.6667":[-0.94046,45.80905,-51.87495],"1.3333":[-0.94046,45.80905,-51.87495],"2.0":[-0.21,42.18,-57.08],"2.6667":[1.72,31.75,-57.58],"3.3333":[3.24,20.22,-50.89],"4.0":[4.36938,12.68764,-50.69528],"4.3333":[4.37,12.39,-55.9],"4.6667":[4.36938,12.08764,-61.49528],"8.0":[-0.06,40.19,-53.48]},"position":{"0.0":[0,0.5,4.58],"0.6667":[0,0,5.5],"1.3333":[0,0.1,5.6],"2.0":[0,1.1,5.18],"2.6667":[0,3.25,3.18],"3.3333":[0,4,1.19],"4.0":[0,3.8,0.3],"4.6667":[0,3,0],"8.0":[0,0.5,4.58]}},"leg_L1":{"rotation":{"0.0":[18.51,25.78,66.24],"0.6667":[10.82373,20.70537,66.85974],"1.3333":[10.82373,20.70537,59.25974],"2.0":[16.55,24.7,44.61],"3.3333":[44.7,48.97,36.91],"4.0":[53.92,52.85,43.06],"4.6667":[56.9405,51.17281,63.112],"8.0":[18.51,25.78,66.24]},"position":{"0.0":[0,2.5,0],"0.6667":[0,3,1],"1.3333":[0,3.4,0.8],"2.0":[0,3.5,-0.1],"2.6667":[0,2.66,-2.06],"3.3333":[0,0.84,-4.01],"4.0":[0,0.22,-4.92],"4.6667":[0,0,-5],"8.0":[0,2.5,0]},"scale":{"0.0":[0.9167,1.0417,1.0417],"0.6667":[0.9,1.05,1.05],"1.3333":[0.9,1.05,1.05],"4.6667":[1,1,1],"8.0":[0.9167,1.0417,1.0417]}},"leg_L2":{"rotation":{"0.0":[28.24912,36.6102,42.01738],"4.0":[0,-2,50],"4.6667":[-1.89,-3.86,50.07],"5.3333":[1.52,-0.05,46.44],"6.0":[11.13,12.39,34.41],"6.6667":[23.24,31.1,28.98],"7.3333":[28.84,37.1,33.45],"8.0":[28.24912,36.6102,42.01738]},"position":{"0.0":[0,0,-3],"4.0":[0,3,1],"4.6667":[0,3.2,1.13],"5.3333":[0,3.16,0.66],"6.0":[0,2.57,-0.81],"6.6667":[0,1.16,-2.58],"7.3333":[0,0.26,-3.04],"8.0":[0,0,-3]}},"leg_L3":{"rotation":{"0.0":[-28.24912,-36.6102,42.01738],"0.6667":[-28.04,-38.58,44.85],"1.3333":[-23.73,-36.96,47.08],"2.0":[-14.32,-28.81,43.76],"2.6667":[-4.92,-14.65,36.44],"3.3333":[0.69,-3.54,36.77],"3.6667":[0.34,0.28,41.79],"4.0":[0,2,50],"8.0":[-28.24912,-36.6102,42.01738]},"position":{"0.0":[0,0,3],"0.6667":[0,0.2,3.03],"1.3333":[0,1.1,2.46],"2.0":[0,3.56,1],"2.6667":[0,4.12,-0.27],"3.3333":[0,3.98,-0.93],"4.0":[0,3,-1],"8.0":[0,0,3]}},"leg_L4":{"rotation":{"0.0":[4.36938,-12.68764,50.69528],"0.3333":[4.37,-12.39,55.9],"0.6667":[4.36938,-12.08764,61.49528],"4.6667":[-0.94046,-45.80905,51.87495],"5.3333":[-0.94046,-45.80905,51.87495],"6.0":[-0.21,-42.18,57.08],"6.6667":[1.72,-31.75,57.58],"7.3333":[3.24,-20.22,50.89],"8.0":[4.36938,-12.68764,50.69528]},"position":{"0.0":[0,3.8,0.3],"0.6667":[0,3,0],"4.6667":[0,0,5.5],"5.3333":[0,0.1,5.6],"6.0":[0,1.1,5.18],"6.6667":[0,3.25,3.18],"7.3333":[0,4,1.19],"8.0":[0,3.8,0.3]}},"body":{"rotation":[0,0,"-math.cos(q.anim_time*45)*3"],"position":[0,"-math.sin(q.anim_time*90)*0.36",0]},"abdomen":{"rotation":["math.cos(q.anim_time*90)*3",0,0]},"head":{"rotation":["-math.cos(q.anim_time*90)*3","math.sin(q.anim_time*45)*5",0]}}},"animation.spider_anim.bob":{"loop":true,"bones":{"body":{"position":[0,"math.sin(q.anim_time*220)*0.36",0]},"head":{"rotation":["math.cos(q.anim_time*220)*2",0,0]},"abdomen":{"rotation":["-math.cos(q.anim_time*220)*2",0,0]}}},"animation.spider_anim.jump":{"animation_length":0.625,"bones":{"head":{"rotation":{"0.0":[0,0,0],"0.0417":[15,0,0],"0.0833":[20,0,0],"0.125":[21.2,0,0],"0.1667":[21.5,0,0],"0.2083":[20.7,0,0],"0.25":[18.55,0,0],"0.3333":[8.7,0,0],"0.4167":[3.7,0,0],"0.5":[1.26,0,0],"0.5833":[0,0,0]}},"abdomen":{"rotation":{"0.0":[0,0,0],"0.0417":[-20,0,0],"0.0833":[-28.8,0,0],"0.125":[-31.8,0,0],"0.1667":[-32.25,0,0],"0.2083":[-31.05,0,0],"0.25":[-27.82,0,0],"0.3333":[-13.1,0,0],"0.4167":[-5.5,0,0],"0.5":[-1.6,0,0],"0.5833":[0,0,0]}},"right_legs":{"rotation":{"0.0":[0,0,0],"0.125":[0,0,-15],"0.1667":[0,0,-18.4],"0.2083":[0,0,-20],"0.25":[0,0,-20.3],"0.2917":[0,0,-19.5],"0.3333":[0,0,-17.4],"0.375":[0,0,-11.8],"0.4167":[0,0,-6.4],"0.5":[0,0,-1.68],"0.625":[0,0,0]},"position":{"0.0":[0,0,0],"0.0417":[-1.55,-3.1,0],"0.0833":[-2,-4,0],"0.1667":[-1.85,-3.7,0],"0.25":[-1,-2,0],"0.3333":[-0.37,-0.74,0],"0.4167":[-0.11,-0.22,0],"0.5":[0,0,0]}},"left_legs":{"rotation":{"0.0":[0,0,0],"0.125":[0,0,15],"0.1667":[0,0,18.4],"0.2083":[0,0,20],"0.25":[0,0,20.3],"0.2917":[0,0,19.5],"0.3333":[0,0,17.4],"0.375":[0,0,11.8],"0.4167":[0,0,6.4],"0.5":[0,0,1.68],"0.625":[0,0,0]},"position":{"0.0":[0,0,0],"0.0417":[1.55,-3.1,0],"0.0833":[2,-4,0],"0.1667":[1.85,-3.7,0],"0.25":[1,-2,0],"0.3333":[0.37,-0.74,0],"0.4167":[0.11,-0.22,0],"0.5":[0,0,0]}}}},"animation.spider_anim.fall":{"loop":"hold_on_last_frame","animation_length":0.5417,"bones":{"right_legs":{"rotation":{"0.0":[0,0,0],"0.0417":[0.68433,0,0],"0.0833":[2.80717,0,0],"0.125":[6.3429,0,0],"0.1667":[10.97365,0,0],"0.2083":[16.02635,0,0],"0.25":[20.6571,0,0],"0.2917":[24.19283,0,0],"0.3333":[26.31567,0,0],"0.375":[27,0,0]},"position":{"0.0":[0,0,0],"0.0833":[0,-0.15,0],"0.1667":[0,-0.5,0],"0.375":[0,-2,0],"0.4583":[0,-2.35,0],"0.5417":[0,-2.5,0]}},"body":{"rotation":{"0.0":[0,0,0],"0.0417":[3.95,0,0],"0.0833":[12,0,0],"0.25":[47,0,0],"0.2917":[52.4,0,0],"0.3333":[55,0,0],"0.375":[55.25,0,0]}},"head":{"rotation":{"0.0":[0,0,0],"0.0417":[-2.5675,0,0],"0.0833":[-7.8,0,0],"0.25":[-30.55,0,0],"0.2917":[-34.06,0,0],"0.3333":[-35.75,0,0],"0.375":[-35.9125,0,0]}},"left_legs":{"rotation":{"0.0":[0,0,0],"0.0417":[0.68433,0,0],"0.0833":[2.80717,0,0],"0.125":[6.3429,0,0],"0.1667":[10.97365,0,0],"0.2083":[16.02635,0,0],"0.25":[20.6571,0,0],"0.2917":[24.19283,0,0],"0.3333":[26.31567,0,0],"0.375":[27,0,0]},"position":{"0.0":[0,0,0],"0.0833":[0,-0.15,0],"0.1667":[0,-0.5,0],"0.375":[0,-2,0],"0.4583":[0,-2.35,0],"0.5417":[0,-2.5,0]}},